City,RegionCode,CountryCode
jeddah,2,SAU
icaraima,PR,BRA
statesboro,GA,USA
musina,GP,ZAF
kuwait city,,KWT
doha,DA,QAT
medellín,ANT,COL
newton,,USA
kırklareli,39,TUR
dublin,L,SWZ
allentown,pa,USA
atlanta,GA,USA
jackson,,USA
san antonio,US,USA
goldsboro,NC,USA
shelby,,USA
si sa ket,33,THA
honolulu,HI,USA
queens,NY,USA
dubai,DU,ARE
cincinnati,OH,USA
sao paulo,Sao Paulo,BRA
cleveland,OH,USA
martinsville,US,USA
rancho cordova,,USA
st louis,MO,USA
volta redonda,,BRA
detroit,US,USA
phoenix,az,USA
cabo de santo agostinho,,BRA
ras al-khaimah,RK,ARE
erie,PA,USA
villahermosa,MX,MEX
riyadh,1,SAU
joplin,,USA
mangaratiba,Rio de Janeiro,BRA
boseong-gun,46,SWZ
mason,OH,USA
savannah,GA,USA
middletown township,NJ,USA
reddick,FL,USA
ajman,,ARE
davison,US,USA
cancún,,MEX
manaus,AM,BRA
lauro de freitas,BA,BRA
manama,13,BHR
al madinah,,SAU
tampere,11,SWZ
seattle,WA,SWZ
sharjah,SH,ARE
pretoria,GP,ZAF
hyderabad,IN-TG,IND
petaling jaya,10,MYS
los angeles,,USA
texarkana,tx,USA
surabaya,JI,IDN
al kuwayt,,KWT
brookhaven,PA,USA
warren,MI,USA
kuwait,KW,KWT
philadelphia,PA,USA
abu dhabi,AZ,ARE
akron,OH,USA
soledad,ATL,COL
george,WC,ZAF
nanuque,Minas Gerais,BRA
perth amboy,,USA
portland,OR,USA
hattiesburg,MS,USA
ananindeua,PA,BRA
sacramento,US,USA
baton rouge,LA,USA
chicago,US,USA
castelo branco,5,SWZ
durban,KZN,ZAF
raleigh,NC,USA
upper marlboro,MD,USA
tijuana,MX,MEX
lima,LMA,PER
morada nova de minas,,BRA
nova iguacu,,BRA
cordele,GA,USA
mesquita,,BRA
san francisco,CA,USA
lakewood,CA,USA
makassar,,IDN
garopaba,SC,BRA
lancaster,TX,USA
belgrade,0,SRB
lansdowne,WC,ZAF
port orchard,WA,USA
miami,FL,USA
starkville,MS,USA
fortaleza,CE,BRA
laredo,TX,USA
nakano,13,SWZ
berlin,,DEU
aurora,US,USA
new delhi,36,IND
berwyn,il,USA
houston,TX,USA
uberlandia,,BRA
tampa,FL,USA
guarapuava,PR,BRA
east hartford,US,USA
pharr,TX,USA
monroe,la,USA
fort worth,TX,USA
nakhon ratchasima,30,THA
madisonville,KY,USA
las vegas,NV,USA
griffin,GA,USA
porto alegre,RS,BRA
lowell,MA,USA
reykjanesbaer,2,SWZ
curitiba,PR,BRA
foreston,MN,USA
san miguel de cozumel,,MEX
leon,MX,MEX
lawrence,,USA
conroe,TX,USA
florence,KY,USA
jiddah,,SAU
santa luzia,,BRA
jeffreys bay,EC,ZAF
johannesburg,GP,ZAF
nossa senhora do socorro,SE,BRA
minneapolis,MN,USA
sarandi,,BRA
sakaemachi,24,SWZ
maraba,PA,BRA
las heras,M,ARG
hartford,CT,USA
san diego,CA,USA
lexington,US,USA
warner robins,,USA
loveland,CO,USA
ribeirao do largo,,BRA
estiva,MG,BRA
watsonville,CA,USA
haines city,FL,USA
itatiba,SP,BRA
lawrenceburg,,USA
jenkintown,PA,USA
naperville,US,USA
orlando,US,USA
cananea,SON,MEX
rio de janeiro,,BRA
villa angela,Chaco,ARG
ilheus,Bahia,BRA
albrightsville,PA,USA
garden city,MI,USA
oak creek,WI,USA
sunnyvale,CA,USA
crossville,TN,USA
fayetteville,NC,USA
birmingham,AL,USA
norfolk,VA,USA
abaiara,CE,BRA
campos dos goytacazes,,BRA
canaa,Minas Gerais,BRA
santo andré,SP,SWZ
ada,3,SRB
hedgesville,WV,USA
brooklyn,US,USA
jacarei,,BRA
isfahan,,IRN
normal,,USA
spartanburg,sc,USA
taboao da serra,Sao Paulo,BRA
state college,US,USA
rosettenville,GT,ZAF
lebanon,PA,USA
floreal,PW,MUS
levittown,PA,USA
hinesville,GA,USA
tehran,,IRN
biguacu,,BRA
osasco,SP,BRA
moreno valley,CA,USA
columbus,OH,USA
soweto,GP,ZAF
fort lauderdale,FL,USA
muscat,MA,OMN
the bronx,NY,USA
biritiba-mirim,,BRA
miamisburg,OH,USA
jamaica plain,MA,USA
rubiataba,,BRA
san jose,CA,USA
tallassee,US,USA
laurel,MS,USA
charlotte,NC,USA
ontario,CA,USA
seocho-gu,11,SWZ
adamantina,SP,BRA
antioch,,USA
vereeniging,GP,ZAF
palo alto,,USA
simi valley,,USA
guarulhos,,BRA
evergreen park,il,USA
maryville,TN,USA
livingston,,USA
oakhurst,CA,USA
modderfontein,GP,ZAF
cartaxo,14,SWZ
merced,CA,USA
virginia beach,VA,USA
northfield,MN,USA
carrollton,,USA
stone mountain,US,USA
jakarta,JK,IDN
medellin,ANT,COL
eunice,la,USA
mount joy,PA,USA
coweta,OK,USA
corpus christi,TX,USA
port shepstone,KZN,ZAF
new york,ny,USA
lohijara,,ARE
frisco,TX,USA
glen cove,NY,USA
converse,TX,USA
homestead,FL,USA
austin,,USA
duque de caxias,,BRA
campinas,Sao Paulo,BRA
piracicaba,SP,BRA
mexico city,MX,MEX
mesquite,TX,USA
warrenton,VA,SWZ
ingleside,,USA
bauru,,BRA
fairburn,GA,USA
las condes,RM,CHL
irving,,USA
petrolia,ON,CAN
ponca city,OK,USA
dalton,GA,USA
brockton,MA,USA
newark,NJ,USA
eastpointe,MI,USA
makkum,FR,SWZ
brentwood,US,USA
quedas do iguacu,PR,BRA
jaboatao dos guararapes,,BRA
flushing,CO,USA
saint louis,MO,USA
conshohocken,PA,USA
fairhope,AL,USA
recife,Pernambuco,BRA
dayton,OH,USA
kuching,13,MYS
cape town,WC,ZAF
hawthorne,US,USA
florissant,MO,USA
kannapolis,us,USA
passaic,NJ,USA
bridgeport,US,USA
araguaina,,BRA
durham,NC,SWZ
malvern,NL,ZAF
beijing,BJ,SWZ
jurva,3,SWZ
sullivan,IL,USA
puebla city,PUE,MEX
la pila,MX,MEX
alvorada,RS,BRA
muriae,Minas Gerais,BRA
west branch,IA,USA
kansas city,MO,USA
uirauna,PB,BRA
cunha,,BRA
khobar,,SAU
joinville,Santa Catarina,BRA
cascatinha,,BRA
al fujairah city,FU,ARE
baltimore,US,USA
as salimiyah,,KWT
fredericksburg,VA,USA
salvador,Bahia,BRA
west linn,US,USA
chambersburg,PA,USA
belo horizonte,,BRA
new york city,US,USA
deltona,FL,USA
willis,TX,USA
walpole,MA,USA
bronx,US,USA
al ain city,Abu Dhabi,ARE
rio grande,,BRA
bredasdorp,,ZAF
fontana,,USA
tantoyuca,,MEX
jaipur,7,IND
vila prudente,,BRA
moab,UT,USA
dumfries,VA,USA
escada,,BRA
arlington heights,IL,USA
dammam,6,SAU
windsor,CA,USA
mossoro,RN,BRA
kuala lumpur,,MYS
lahore,,PAK
milwaukee,WI,USA
tucurui,,BRA
bento goncalves,,BRA
kemp,tx,USA
englewood,oh,USA
louisville,US,USA
killeen,TX,USA
clifton,,USA
malden,MA,USA
babylon,NY,USA
arnold,MD,USA
monterrey,MX,MEX
nazare,Bahia,BRA
ibirite,MG,BRA
canton,,USA
santa maria,CA,USA
stockton-on-tees,ENG,SWZ
ogden,UT,USA
lodi,WI,USA
mount airy,GA,USA
tulia,TX,USA
providence,RI,USA
campina grande,PB,BRA
boca raton,FL,USA
lynwood,CA,USA
acapulco de juárez,,MEX
anoka,MN,USA
clewiston,FL,USA
hertfordshire,ENG,SWZ
hanoi,HN,VNM
zamboanga city,,PHL
wuxi,JS,SWZ
sabinas,MX,MEX
oak park,,USA
taylor,MI,USA
coreau,CE,BRA
oswego,,USA
bellevue,US,USA
rome,US,USA
kelowna,BC,SWZ
buffalo,NY,USA
ashburn,,USA
trumann,AR,USA
bishopville,SC,USA
gianyar,,IDN
kralendijk,BO,SWZ
thibodaux,la,USA
mount laurel,US,USA
north miami beach,FL,USA
ennis,TX,USA
delhi,7,IND
sidrolandia,MS,BRA
pelotas,Rio Grande do Sul,BRA
brasília,DF,BRA
rock hill,SC,USA
portsmouth,VA,USA
palm coast,FL,USA
chula vista,CA,USA
dearborn,MI,USA
barre,VT,USA
east orange,,USA
paraiso do tocantins,TO,BRA
vespasiano,Minas Gerais,BRA
greenville,SC,USA
ciudad nezahualcoyotl,MX,MEX
traverse city,MI,USA
rockwood,MI,USA
xaxim,,BRA
yakima,WA,USA
north attleboro,MA,USA
brownsville,TX,USA
whitesburg,US,USA
west end,NC,USA
oak lawn,US,USA
tiete,,BRA
rio grande city,TX,USA
chesapeake beach,MD,USA
albuquerque,US,USA
dallas,US,USA
american fork,UT,USA
woodbridge,,USA
wolverhampton,ENG,SWZ
guadalajara,MX,MEX
shepherdsville,US,USA
hempstead,NY,USA
lakeville,MN,USA
pimenta bueno,,BRA
chesapeake,US,USA
niteroi,Rio de Janeiro,BRA
roxboro,NC,USA
maspeth,US,USA
new orleans,US,USA
washington,MD,USA
ann arbor,MI,USA
lagos,LA,NGA
umm al quwain,,ARE
russas,6,BRA
guaruja,SP,BRA
huancayo,JUN,PER
oslo,3,SWZ
iguatu,CE,BRA
santo cristo,,BRA
savoy,IL,USA
coromandel,,BRA
sao caetano do sul,Sao Paulo,BRA
montgomery,al,USA
reston,VA,USA
del valle,TX,USA
bremen,HB,DEU
west islip,NY,USA
north hollywood,CA,USA
lincoln,ne,USA
mexicali,,MEX
newport news,VA,USA
hollywood,FL,USA
madera,ca,USA
el paso,US,USA
town and country,US,USA
palmatitla,15,MEX
são luís,,BRA
waynesboro,,USA
enola,PA,USA
humble,TX,USA
tepic,,MEX
cookeville,US,USA
colombo,PR,BRA
lestedo,GA,SWZ
cholula,MX,MEX
lawndale,CA,USA
indianapolis,IN,USA
vista,CA,USA
north arlington,NJ,USA
olathe,KS,USA
sioux city,,USA
big sandy,TX,USA
santos,,BRA
olifantsfontein,GT,ZAF
san luis potosí city,SLP,SWZ
centreville,va,USA
orangeburg,NY,USA
davis,CA,USA
west palm beach,FL,USA
kinston,NC,USA
pasco,WA,USA
houtzdale,PA,USA
ilopolis,RS,BRA
denver,co,USA
franca,Sao Paulo,BRA
opelika,US,USA
jasper,AR,USA
puerto escondido,MX,MEX
bloomfield hills,MI,USA
mckinney,TX,USA
peoria,IL,USA
santa cruz,CA,USA
chattanooga,,USA
rio branco,,BRA
stockton,CA,USA
periban de ramos,MX,MEX
pedra branca do amapari,AP,BRA
manacapuru,AM,BRA
buena park,,USA
chihuahua city,6,MEX
ionia,mi,USA
braunschweig,ni,DEU
memphis,TN,USA
meadville,US,USA
secaucus,NJ,USA
al ain,,ARE
hampton,US,USA
tres coracoes,Minas Gerais,BRA
orizaba,MX,MEX
buford,ga,USA
higginsville,MO,USA
jacksonville,FL,USA
rockville,US,USA
bonsucesso,MG,BRA
clinton township,MI,USA
albany,US,USA
toledo,US,USA
delmar,NY,USA
swansea,US,USA
rockport,TX,USA
bengaluru,KA,IND
marietta,US,USA
pine grove,PA,USA
delray beach,US,USA
folsom,CA,USA
san andres,B,ARG
jerusalem,JM,SWZ
shanghai,SH,SWZ
thornville,,USA
querétaro city,QUE,MEX
springfield,VA,SWZ
mineral wells,TX,USA
kingman,AZ,USA
norwich,CT,USA
cedar rapids,US,USA
brandon,US,USA
bristol,US,USA
london,ky,USA
governador valadares,MG,BRA
racine,wi,USA
sydney,NSW,AUS
moselle,MS,USA
iztapalapa,,MEX
mcminnville,TN,USA
flat rock,MI,USA
marataizes,ES,BRA
gye,,ECU
wheeling,WV,USA
bakersfield,ca,USA
ar ruways,,ARE
caico,Rio Grande do Norte,BRA
aracaju,68,BRA
chalco,mex,MEX
teresopolis,Rio de Janeiro,BRA
plano,TX,USA
omaha,NE,USA
cheyenne,WY,USA
barstow,CA,USA
velenje,133,SWZ
springville,NY,USA
rio claro,,BRA
francisco morato,,BRA
garner,nc,USA
shirley,NY,USA
san luis potosi,MX,MEX
hartselle,AL,USA
lanus,B,ARG
lappeenranta,2,SWZ
castleton-on-hudson,NY,USA
vancouver,WA,USA
malibu,US,USA
goiania,,BRA
massy,IDF,SWZ
susono,22,SWZ
san pedro sula,CR,HND
san ramon,US,USA
mount shasta,US,USA
harrison,TN,USA
lafayette,TN,USA
para de minas,,BRA
macomb,IL,USA
tulare,CA,USA
covington,KY,USA
appleton,WI,USA
bom despacho,,BRA
nottingham,MD,USA
sao vicente,SP,SWZ
westerville,US,USA
kajang,10,SWZ
jalacingo,MX,MEX
bennington,vt,USA
malelane,MP,ZAF
lop buri,TH,THA
ramah,NM,USA
salisbury,NC,USA
rio grande da serra,SP,BRA
cranford,NJ,USA
roseville,,USA
riachao,MA,BRA
mairipora,Sao Paulo,BRA
livonia,MI,USA
dothan,US,USA
merida,MX,MEX
espoo,18,SWZ
simpsonville,,USA
ninety six,,USA
colima,,MEX
olive branch,MS,USA
overland park,KS,USA
stamford,,USA
santa barbara,CA,USA
barretos,Sao Paulo,BRA
anniston,,USA
tournon-sur-rhône,ARA,SWZ
port deposit,md,USA
opelousas,US,USA
teocuitatlan de corona,MX,MEX
changzhou,JS,BHR
leander,TX,USA
estancia velha,,BRA
mansfield,OH,USA
gujranwala,PB,SWZ
atlantic city,US,USA
bogotá,Bogota D.C.,COL
bossier city,,USA
altamira,MX,MEX
farmington,MI,USA
kebumen,JT,IDN
newport,KY,USA
monteros,,ARG
east white plains,NY,USA
pato branco,PR,BRA
bradenton,FL,USA
union,NJ,USA
east chicago,IN,USA
belem,PA,BRA
trenton,us,USA
concepción,1,PRY
tampico,Tamaulipas,MEX
guadalupe,NLE,MEX
feira de santana,BA,BRA
san blas,MX,MEX
lucknow,36,IND
irvine,US,USA
can tho,CT,SWZ
alberton,GP,ZAF
howell,MI,USA
indian trail,NC,USA
rochester,MI,USA
saint paul,MN,USA
broken arrow,OK,USA
bela vista,,BRA
smithfield,VA,USA
cascavel,PR,BRA
bartlett,US,USA
lawrenceville,GA,USA
rondonopolis,MT,BRA
spring,TX,USA
limoeiro do norte,CE,BRA
santa vitoria do palmar,RS,BRA
grinnell,IA,USA
medina,3,SAU
antelope,CA,USA
cumming,ga,USA
niles,OH,USA
morgan hill,CA,USA
mesa,AZ,USA
da nang,DN,SWZ
justice,il,USA
thessaloniki,B,SWZ
boardman,,USA
jabalpur,,IND
jonesboro,GA,USA
lady lake,fl,USA
ballwin,MO,USA
lages,SC,BRA
belford roxo,RJ,BRA
oxford,US,USA
chiang mai,TH,THA
são paulo,SP,SWZ
mumbai,MH,SWZ
divinopolis,MG,BRA
teresina,PI,BRA
montreal,QC,CAN
ciudad valles,,MEX
nova mutum,,BRA
torreón,,MEX
nanjing,JS,SWZ
aripuana,,BRA
bloomsbury,ENG,SWZ
auckland park,GT,ZAF
medan,26,IDN
fort smith,AR,SWZ
mount holly,NC,USA
mobile,US,USA
paranaiba,SP,BRA
indore,,IND
kerman,CA,USA
elkhart,in,USA
vitoria de santo antao,,BRA
balneario arroio do silva,SC,BRA
faribault,MN,USA
yala,95,THA
crystal lake,IL,USA
cape coral,FL,USA
woodside,US,USA
nagoya,23,SWZ
mountain view,CA,USA
cairo,C,SWZ
east providence,RI,USA
campo grande,MS,SWZ
malambo,34,COL
az za`ayin,ZA,QAT
waco,tx,USA
xalapa,,MEX
clearwater,FL,USA
north brunswick,NJ,USA
rumford,ri,USA
marrero,LA,USA
broomfield,CO,USA
boynton beach,FL,USA
pinellas park,FL,USA
crosby,TX,USA
littleton,CO,USA
maringa,PR,BRA
carencro,LA,USA
ozone park,US,USA
lagos de moreno,MX,MEX
reynosa,MX,MEX
st. petersburg,fl,USA
decatur,,USA
bath,ME,USA
paramount,CA,USA
vanderbijlpark,GT,ZAF
colorado springs,,USA
bandung,,IDN
antas,BA,BRA
abu fatira,MU,KWT
sayreville,US,USA
prayagraj,,IND
massena,NY,USA
fairfax,VA,USA
north tonawanda,US,USA
pirapozinho,SP,BRA
ribeirao das neves,MG,BRA
osvaldo cruz,sp,BRA
bang klam,90,THA
kissimmee,FL,USA
córdoba,,MEX
venice,fl,USA
alegrete,,BRA
longview,us,USA
cariacica,,BRA
willingboro,NJ,USA
rio,,BRA
limeil-brevannes,IDF,SWZ
cocalzinho de goias,GO,BRA
seymour,IN,USA
capitao andrade,MG,BRA
ponta pora,MS,BRA
pine bluff,ar,USA
paradise,TX,USA
corsicana,TX,USA
moncton,NB,CAN
waltham,MA,USA
pleasant prairie,,USA
wichita,KS,USA
hammondsville,OH,USA
martinsburg,WV,USA
maracaibo,Zulia,VEN
thornwood,NY,USA
fresno,CA,USA
bloomfield,,USA
front royal,,USA
dearborn heights,MI,USA
caxias do sul,,BRA
brasilia,,BRA
douglasville,GA,USA
qom,,IRN
sangetab,,IRN
ft george g meade,MD,USA
manitowoc,,USA
lake jackson,TX,USA
pageland,SC,USA
richardson,tx,USA
fleming island,US,USA
guapo,GO,BRA
mckeesport,US,USA
edison,NJ,USA
mayville,WI,USA
mamou,LA,USA
lepanto,ar,USA
ashland,VA,USA
metamora,IL,USA
lomas de zamora,B,ARG
bayan,Hawalli,KWT
poquoson,va,USA
frederick,MD,USA
luis gomes,RN,BRA
sorocaba,,BRA
sao bernardo do campo,SP,BRA
roanoke,VA,SWZ
dyersville,IA,USA
sun city center,FL,USA
ar rabiyah,KW,KWT
sao luis,MA,BRA
kernersville,US,USA
maldonado,MA,SWZ
tucunduva,RS,BRA
highlands ranch,US,USA
salinas,CA,USA
middlesex,US,USA
juatuba,MG,BRA
nova friburgo,,BRA
yongin-si,41,SWZ
sabah as salim,KW,KWT
schertz,TX,USA
barrington,,USA
juazeiro do norte,CE,BRA
wingate park,GT,ZAF
imperatriz,13,BRA
pinhao,,BRA
massapequa,NY,USA
new port richey,US,USA
byron center,,USA
praya,NB,IDN
norwalk,US,USA
bethlehem,PA,SWZ
duisburg,NW,DEU
east amherst,NY,USA
pittsburgh,US,USA
itupeva,SP,BRA
santa ana,ca,USA
north richland hills,tx,USA
red bank,NJ,USA
huntersville,,USA
black creek,WI,USA
desoto,TX,USA
itaperucu,,BRA
bhagawan chhapar,,QAT
yuma,,USA
waldorf,MD,USA
tucson,,USA
tallahassee,fl,USA
pomona,US,USA
kettering,ENG,SWZ
mar de espanha,,BRA
guaiba,,BRA
north canton,oh,USA
tolono,,USA
ponta grossa,PR,BRA
hinsdale,IL,SWZ
sao joao de meriti,Rio de Janeiro,BRA
anseong,41,SWZ
ocoee,,USA
quevedo,,ECU
parnamirim,Rio Grande do Norte,BRA
senatobia,MS,USA
harrisburg,PA,USA
richmond,VA,USA
clarksville,TN,USA
chicopee,US,USA
hicksville,US,USA
falls church,VA,USA
west milford,,USA
phnom penh,12,KHM
balsas,,BRA
grants pass,,USA
topeka,,USA
lagoa santa,MG,BRA
vitoria do xingu,,BRA
carteret,NJ,USA
sao mateus do maranhao,MA,BRA
santarem,PA,BRA
lavras,MG,BRA
giessen,HE,SWZ
montenegro,,BRA
berazategui,B,ARG
sunbury,OH,USA
serra talhada,Pernambuco,BRA
scranton,,USA
florianópolis,SC,BRA
aguascalientes,,MEX
marvdasht,7,IRN
north port,FL,USA
ballito,KZN,ZAF
reading,PA,USA
roodepoort,GT,ZAF
cork,M,SWZ
yulee,FL,USA
colider,MT,BRA
lehigh acres,FL,USA
bridgewater,nj,USA
paducah,US,USA
diyarbakır,21,SWZ
tucker,GA,USA
ahvaz,,IRN
montecreto,45,SWZ
ona,WV,USA
fujairah,FU,ARE
novo horizonte,SP,BRA
seoul,11,SWZ
almonte,ON,SWZ
wichita falls,TX,SWZ
rock cave,WV,SWZ
easton,,USA
alexander city,AL,USA
adrian,MI,USA
bartlesville,OK,SWZ
ho chi minh city,SG,VNM
woonsocket,RI,USA
joão pessoa,17,BRA
calexico,CA,USA
casper,,USA
middletown,US,USA
sabara,Minas Gerais,BRA
springdale,AR,USA
melun,IDF,SWZ
sugar land,TX,USA
vila velha,ES,BRA
bangkok,14,THA
petaluma,CA,USA
tomball,TX,USA
kingstree,US,USA
moscow,48,RUS
port saint lucie,fl,USA
ash shariqah,,ARE
mogi-mirim,,BRA
vicencia,30,BRA
valenca,rj,BRA
caxambu,MG,BRA
puchong batu dua belas,,MYS
ford city,PA,USA
elgin,IL,USA
beeville,TX,USA
shibuya,13,SWZ
dourados,Mato Grosso do Sul,BRA
belém,16,BRA
everett,WA,USA
new jersey,NJ,ZAF
tipp city,OH,USA
west chester,PA,SWZ
queens village,US,USA
dippoldiswalde,SN,SWZ
firuzabad,7,IRN
puyallup,,USA
danville,US,USA
itapevi,SP,BRA
madrid,MD,SWZ
old town,ME,USA
newburgh,,USA
wilmington,NC,USA
anderson,SC,USA
new market,MD,USA
morrison,tn,USA
vallejo,CA,USA
saint johns,,USA
dubayy,DU,ARE
sand springs,OK,USA
mount washington,KY,USA
mitchell,sd,USA
felipe carrillo puerto,ROO,MEX
panama city,US,USA
heroica ciudad de tlaxiaco,OAX,MEX
lakeland,US,USA
rahway,NJ,USA
alsip,IL,USA
weslaco,TX,USA
simoes filho,,BRA
floral park,NY,USA
safford,AZ,USA
paranavai,,BRA
snellville,ga,USA
ibirataia,,BRA
crystal springs,MS,USA
sao mateus,,BRA
orland park,US,USA
passos,MG,BRA
tabuk,7,SAU
crespellano,45,SWZ
alegre,Espirito Santo,BRA
long beach,CA,USA
shenzhen,,CHN
ribeirao preto,SP,BRA
clinton,US,USA
west haven,CT,USA
sao jose dos campos,,BRA
sao domingos do maranhao,,BRA
bolivar,MO,USA
saint clair,US,USA
timbo,SC,BRA
milan,25,SWZ
santa barbara d'oeste,,BRA
coatzacoalcos,,MEX
garanhuns,PE,BRA
huntington beach,US,USA
fort dodge,IA,USA
shimabara,42,SWZ
kobe,28,SWZ
pacifica,CA,USA
reidsville,NC,USA
jdf,,BRA
moju,,BRA
huntington,TX,USA
al wakrah municipality,,QAT
itapora,,BRA
niagara falls,NY,USA
cuernavaca,,MEX
concord,,USA
bronson,MI,USA
blumenau,SC,BRA
anapolis,,BRA
canoas,RS,BRA
huaraz,,PER
pristina,,XKX
oklahoma city,,USA
enosburg falls,vt,USA
green bay,WI,USA
jefferson city,MO,USA
guymon,OK,USA
belleville,IL,USA
richfield,WI,USA
oaxaca city,,MEX
sacoma,,BRA
east london,EC,ZAF
corona,US,USA
bel air,MD,USA
park forest,IL,USA
silver spring,MD,USA
black hawk,co,USA
beaverton,US,USA
aguas de lindoia,Sao Paulo,BRA
hermanus,WC,ZAF
veracruz,MX,MEX
pawtucket,RI,USA
greens,DU,ARE
leo-cedarville,IN,USA
lumberton,NC,USA
lenasia,,ZAF
midway park,NC,USA
ijui,23,BRA
florianopolis,SC,BRA
tainan city,TNN,TWN
le sueur,MN,USA
central islip,US,USA
remanso,ba,BRA
gainesville,FL,USA
votorantim,,BRA
trussville,al,USA
general salgado,SP,BRA
guatemala city,GU,GTM
oak forest,IL,USA
kennesaw,GA,USA
al khabasi,DU,ARE
grove,ok,USA
al ahmadi,KW,KWT
al jahra',KW,KWT
boydton,VA,USA
east saint louis,il,USA
taiuva,SP,BRA
clementon,NJ,USA
middleton,WI,SWZ
evansville,IN,USA
wylie,US,USA
aguas lindas de goias,GO,BRA
tizayuca,,MEX
owensville,MO,USA
escondido,CA,USA
saratoga springs,NY,USA
geoje,48,KOR
lithonia,GA,USA
newtown square,PA,USA
chessington,ENG,SWZ
faisalabad,,PAK
jaragua do sul,SC,BRA
capela,SE,BRA
melbourne,VIC,SWZ
toronto,ON,CAN
lima duarte,MG,BRA
mexia,,USA
ourilandia do norte,PA,BRA
cruz,CE,BRA
chandler,az,USA
lampang,52,THA
penitas,TX,USA
juquitiba,,BRA
huancuilou,SD,SWZ
gaspar,SC,BRA
saginaw,MI,USA
whitefish,MT,USA
tulsa,,USA
little rock,US,USA
bgg,,VNM
brandywine,MD,USA
altamonte springs,FL,USA
koryazhma,,RUS
manhattan,US,USA
provo,UT,USA
williamsburg,va,USA
setagaya-ku,13,SWZ
sylmar,6,USA
pss,,ARG
greenwood,,USA
lago sul,Federal District,BRA
lackawanna,US,USA
massape,CE,BRA
pittsfield,US,USA
tres lagoas,Mato Grosso do Sul,BRA
mérida,,MEX
silverton,GT,ZAF
quito,P,ECU
gramado,RS,BRA
tulancingo,HID,MEX
upland,ca,USA
gulfport,MS,USA
cuiaba,MT,BRA
alum creek,WV,USA
davenport,IA,USA
california city,US,USA
merchantville,NJ,USA
gallatin,TN,USA
limeira,,BRA
anchorage,AK,USA
sloughhouse,CA,USA
lytkarino,MOS,SWZ
round rock,TX,USA
westwood,NJ,USA
scotch plains,NJ,USA
natal,RN,BRA
fernley,NV,USA
princeton,,USA
sao francisco do sul,SC,BRA
sparks,NV,USA
monteiro,PB,SWZ
fort myers,fl,USA
morrow,GA,USA
athens,,USA
parauapebas,,BRA
santiago,RM,SWZ
milledgeville,GA,USA
toulouse,OCC,SWZ
jales,SP,BRA
tlalpan,,MEX
new haven,ct,USA
ecatepec,30,MEX
vicam pueblo,MX,MEX
leopoldina,MG,BRA
umm al-quwain,UQ,ARE
guapirama,,BRA
fremont,CA,USA
ridgeland,ms,USA
bunn,US,USA
riverside,ca,USA
charlton,,USA
sesto fiorentino,FI,ITA
tar,,BRA
carapicuiba,SP,BRA
ad dawhah,,QAT
milpitas,CA,USA
raposa,MA,BRA
rancho palos verdes,CA,USA
spring hill,FL,USA
campo magro,,BRA
januaria,,BRA
serang,,IDN
perote,VER,MEX
lansing,US,USA
defiance,OH,USA
nova russas,,BRA
wheaton,,USA
ariranha,SP,BRA
tuxtla gutiérrez,CHP,MEX
pereira,RIS,COL
quảng ngãi,29,SWZ
jhelum,PB,PAK
loudon,TN,USA
cliffside park,NJ,USA
evans,GA,USA
mato rico,,BRA
seaford,NY,USA
edgefield,sc,USA
ponchatoula,LA,USA
rockwall,TX,USA
caloocan city,0,PHL
reedley,US,USA
santa gertrudes,SP,BRA
arlington,US,USA
palmeira das missoes,23,BRA
turin,21,SWZ
lumajang,JI,IDN
ft worth,TX,USA
newport beach,CA,USA
romulus,MI,USA
la porte,IN,USA
new baltimore,MI,USA
ciudad obregón,SON,MEX
conception bay south,NL,CAN
al mansoura,,QAT
saude,,BRA
dias davila,BA,BRA
cooperstown,NY,USA
yilan,ILA,SWZ
colville,WA,USA
mazatenango,SU,GTM
galloway,OH,USA
yuzhno-sakhalinsk,64,RUS
parque industrial,,BRA
katy,,USA
smyrna,TN,USA
dar es salaam,2,TZA
ceara-mirim,RN,BRA
cambuci,RJ,BRA
ft mill,,USA
de kalb,TX,SWZ
seagoville,TX,USA
sao joao nepomuceno,,BRA
tyler,TX,USA
zaoshu,JX,SWZ
california,MD,USA
milford,MI,USA
troy,AL,USA
centralia,WA,USA
dhaka,13,BGD
union city,NJ,USA
mullica hill,,USA
pearland,TX,USA
randolph,US,USA
englewood cliffs,US,USA
regeneracao,PI,BRA
lewisville,TX,USA
coshocton,OH,USA
south pasadena,CA,SWZ
south lyon,,USA
marquetalia,CAL,COL
winter haven,FL,USA
enid,,USA
saskatoon,SK,CAN
sicklerville,NJ,USA
victoria,US,USA
attleborough,ENG,SWZ
hartbeespoort,,ZAF
irvington,,USA
east brunswick,NJ,USA
sao joao da boa vista,SP,BRA
prospect park,PA,USA
dyersburg,US,USA
pietermaritzburg,KZN,ZAF
spearfish,US,USA
maua,Sao Paulo,BRA
mount clemens,MI,USA
ferraz de vasconcelos,,BRA
aden,AD,YEM
ouagadougou,KAD,BFA
madinat ash shamal,MS,QAT
alexandria,KY,USA
dores do indaia,,BRA
lutz,fl,USA
cantagalo,Rio de Janeiro,BRA
prosper,tx,USA
hai duong,61,VNM
celaya,11,MEX
flora,il,USA
searcy,AR,USA
naples,FL,USA
bend,OR,USA
coolidge,AZ,USA
cicero,IL,USA
al muharraq,,BHR
jeriquara,SP,BRA
beverly hills,CA,USA
lewisburg,US,USA
santo domingo este,DO,DOM
braganca,PA,BRA
hayward,ca,USA
drums,PA,USA
penedo,AL,BRA
bassett,VA,USA
pedreiras,MA,BRA
knoxville,US,USA
fountain valley,CA,USA
brunate,25,SWZ
port clinton,OH,USA
umm al quwain city,UQ,ARE
florentino ameghino,,ARG
patu,RN,BRA
camden,US,USA
mays landing,nj,USA
casablanca,CAS,MAR
elizabethtown,PA,USA
rocky mount,US,USA
galliano,LA,USA
ossining,US,USA
ramos mejia,B,SWZ
sao goncalo,RJ,BRA
dundalk,MD,USA
woodstock,GA,USA
saint charles,MO,USA
midrand,GP,ZAF
huntington park,CA,USA
fenton,MI,USA
itaquaquecetuba,Sao Paulo,BRA
cushing,OK,USA
fort wayne,IN,USA
bloomingdale,NJ,USA
paris,,USA
crete,IL,SAU
port orange,US,USA
newington,CT,USA
itambe,PE,BRA
buenos aires,,ARG
pyramid,GT,ZAF
rockford,US,USA
powell,OH,USA
salt lake city,UT,USA
twinsburg,OH,USA
león,,MEX
prague,10,SWZ
blue point,NY,USA
avon,OH,USA
dnr,,CAN
odessa,US,USA
hillsboro,,USA
grand bay,al,USA
sherbrooke,QC,SWZ
ladson,US,USA
monticello,MN,USA
acrelandia,AC,BRA
youngsville,LA,USA
grand rapids,MI,SWZ
palmer,US,USA
ft. washington,MD,USA
oudtshoorn,WC,ZAF
pasadena,MD,USA
patna,34,IND
evergreen,CO,USA
apopka,FL,USA
pachuca,29,MEX
dawson,GA,USA
claremont,NH,USA
struthers,OH,USA
porto ferreira,,BRA
formosa,,BRA
cary,NC,USA
uberaba,,BRA
‘aiea,HI,USA
el cajon,,USA
iati,PE,BRA
matthews,NC,USA
ciudad lopez mateos,,MEX
ash shihaniyah,SH,QAT
southaven,ms,USA
addison,TX,USA
dickinson,TX,USA
daytona beach,US,USA
sylvania,OH,USA
conceicao do mato dentro,MG,BRA
waterford,US,USA
scotchtown,NY,USA
jacarezinho,PR,BRA
loganville,GA,USA
ypsilanti,MI,USA
saenz pena,Buenos Aires,ARG
reno,,USA
cancun,MX,MEX
sao jose do herval,RS,BRA
sao pedro da aldeia,RJ,BRA
tacoma,WA,USA
bertioga,SP,BRA
irmo,SC,USA
madison,,USA
dorchester,ma,USA
lincolnton,US,USA
pocos de caldas,,BRA
glassboro,US,USA
palembang,SS,IDN
hudson,,USA
valley center,CA,USA
dias d'avila,,BRA
fujisawa,14,SWZ
registro,SP,BRA
gwangju,29,SWZ
fulton,NY,USA
breu branco,PA,BRA
tunica,MS,USA
rye,NY,USA
suffolk,VA,USA
auburn,il,USA
randallstown,MD,USA
center moriches,US,USA
ithaca,US,USA
nipomo,CA,USA
zacatepec,Morelos,MEX
south yarmouth,MA,USA
rolla,,USA
duncansville,pa,USA
arzachena,88,SWZ
toms river,NJ,USA
rialto,CA,USA
rutherford,nj,USA
macapa,AP,BRA
hermitage,PA,USA
riverbank,CA,USA
nixa,MO,USA
plum,US,USA
bethel,OH,USA
north bergen,NJ,USA
harlingen,US,USA
farroupilha,RS,BRA
palu,,IDN
hyattsville,MD,USA
montes claros,,BRA
deer park,NY,USA
utica,MI,USA
misenheimer,NC,USA
aiken,SC,USA
marion,US,USA
bariri,,BRA
paulsboro,NJ,USA
hesperia,US,USA
lajes,rn,BRA
taiyuan,SX,SWZ
patos de minas,,BRA
san luis,,USA
annapolis,MD,USA
santa cruz do rio pardo,SP,BRA
eagle pass,TX,USA
isando,GT,ZAF
cedar hill,MO,USA
new castle,US,USA
ejido culiacan (culiacancito),,MEX
socorro,NM,USA
tlaxcala city,TLA,MEX
andrews,TX,SWZ
ferreira,RS,BRA
east stroudsburg,PA,USA
ensenada,BCN,MEX
yamagata,6,SWZ
erkelenz,NW,DEU
miami beach,FL,USA
araucaria,,BRA
north myrtle beach,,USA
carnarvon,,ZAF
al rayyan municipality,,QAT
novo progresso,BR,BRA
kankakee,IL,USA
augusta,US,USA
guanajuato,MX,MEX
balneario camboriu,Santa Catarina,BRA
paracatu,Minas Gerais,BRA
golden,CO,USA
henderson,,USA
paterson,US,USA
cranston,ri,USA
la mesa,CA,USA
americana,,BRA
paripueira,,BRA
san bernardino,US,USA
ibitinga,,BRA
montemorelos,19,MEX
molalla,OR,USA
neopolis,,BRA
tres de maio,RS,BRA
nashville,US,USA
londrina,PR,BRA
saint cloud,MN,USA
staten island,NY,USA
bamako,BKO,MLI
tiffin,OH,USA
walled lake,us,USA
vero beach,FL,USA
brenham,TX,SWZ
fairborn,US,USA
palmeiras de goias,GO,BRA
trujillo,LAL,PER
maywood,IL,USA
lake ridge,VA,USA
los banos,CA,SWZ
palakkad,13,IND
canaa dos carajas,,BRA
sobral,CE,BRA
saco,ME,USA
mililani town,HI,USA
capanema,,BRA
bay minette,AL,USA
sherman,TX,USA
apple valley,CA,USA
motsethabong,FS,ZAF
viamao,,BRA
leme,SP,BRA
palm beach gardens,FL,USA
sosa,12,SWZ
tyumen,TYU,SWZ
tuen mun,NTM,SWZ
kolkata,28,IND
gorakhpur,,IND
al qatif,4,SAU
moscow oblast,MOS,SWZ
boksburg,GT,ZAF
pilar,PB,BRA
greenland,NH,USA
scottsdale,,USA
hamilton,WKO,NZL
edwardsburg,MI,USA
jalib ash shuyukh,,KWT
minami alps-shi,19,SWZ
dhahran,4,SAU
gelvandale,EC,ZAF
salem,OH,USA
el zarzal,CAU,COL
san luis obispo,ca,USA
itaipava,Rio de Janeiro,BRA
indiana,PA,USA
hialeah,FL,USA
lyon,ARA,SWZ
cashiers,US,USA
charter oak,ia,USA
tja,,BOL
minusinsk,91,RUS
antigo,WI,USA
glen burnie,MD,USA
enterprise,AL,USA
platteville,WI,SWZ
smethport,PA,USA
buckeye,AZ,USA
paragominas,PA,BRA
wethersfield,CT,USA
kerhonkson,ny,USA
mundo novo,MS,BRA
buraidah,5,SAU
laingsburg,mi,USA
prathai,30,THA
olinda,PE,BRA
los reyes de salgado,16,MEX
deland,,USA
krugersdorp,gp,ZAF
surubim,,BRA
chauvin,LA,USA
itapipoca,CE,BRA
strongsville,US,USA
stevensville,MT,USA
north augusta,SC,USA
edmond,OK,SWZ
palmdale,CA,USA
anaheim,US,USA
eilenburg,SN,SWZ
chapadinha,MA,BRA
nova santa rita,RS,BRA
boston,MA,USA
kusatsu-shi,25,SWZ
itapecerica da serra,SP,BRA
tatui,,BRA
gardena,CA,USA
cartagena,,COL
bambui,MG,BRA
hobbs,,USA
erode,TN,SWZ
belleview,FL,USA
clovis,ca,USA
la vergne,,USA
general lazaro cardenas,,MEX
saitama,11,JPN
colina,SP,BRA
bage,,BRA
acworth,GA,USA
tel aviv,TA,SWZ
madinat hamad,17,BHR
calgary,AB,CAN
salta,A,ARG
jodhpur,24,IND
yukon,OK,USA
pacoima,ca,USA
eureka,US,USA
yokohama,14,SWZ
hillcrest,NL,ZAF
mission,US,USA
bonita springs,FL,USA
sofia,22,SWZ
sanaa,SA,YEM
kunming,YN,SWZ
white lake,MI,USA
várzea grande,,BRA
peekskill,US,USA
puebla,CMX,MEX
richland,wa,USA
rhinelander,WI,SWZ
crested butte,,USA
gorno-altaysk,AL,SWZ
sanford,NC,USA
chelmsford,US,USA
chapada dos guimaraes,,BRA
shreveport,LA,USA
tlalnepantla,mex,MEX
ipatinga,MG,BRA
itapuranga,,BRA
elmwood park,NJ,USA
barranquilla,ATL,SWZ
flint,US,USA
granite falls,NC,USA
ribeirao pires,SP,BRA
malang,JI,IDN
holly,mi,USA
almirante tamandare,pr,BRA
tongaat,NL,ZAF
renton,WA,USA
godhra,GJ,IND
sao jose do rio preto,,BRA
north andover,,USA
santa rosa,LAG,PHL
gillette,WY,USA
denton,tx,USA
tlaxcala,MX,MEX
macon,GA,USA
kent,OH,USA
melrose,,USA
macae,RJ,BRA
oakland,TN,USA
hamburg,HH,SWZ
bandar puncak alam,,MYS
columbia,TN,USA
nuevo paris,MO,SWZ
songpa-gu,11,SWZ
serra,,BRA
rio maria,PA,BRA
lapu-lapu city,7,SWZ
piedras negras,COA,MEX
orrtanna,PA,USA
essex,MD,USA
ar riya,,SAU
norwood,MA,USA
asheville,NC,USA
pontal do parana,,BRA
margate,fl,USA
shawnee,OK,USA
tequixquiac,,MEX
jandira,PA,BRA
ballston spa,NY,USA
conway,US,USA
san fernando,SFO,TTO
la verne,CA,USA
contagem,MG,BRA
chilpancingo,,MEX
boise,ID,USA
sherrills ford,nc,USA
san miguel de tucumán,T,SWZ
lagoa formosa,,BRA
greenwood village,CO,USA
schenectady,US,USA
nagpur,MH,IND
oxon hill,md,USA
galesburg,IL,USA
yonkers,US,USA
fishers,IN,USA
welling,ENG,SWZ
purwokerto,JT,IDN
amaral ferrador,,BRA
grand prairie,TX,USA
valrico,FL,USA
al fahahil,Al 'Asimah,KWT
keller,TX,USA
pensacola,FL,USA
festus,,USA
roswell,GA,USA
leesburg,12,USA
burlington,NJ,USA
pulaski,TN,USA
jersey city,NJ,USA
lapeer,US,USA
bismarck,,USA
mclean,VA,USA
pau dos ferros,RN,BRA
ennice,US,USA
meridian,ID,USA
verona,US,USA
chongqing,CQ,SWZ
bronxville,NY,USA
pistoia,52,SWZ
wentzville,MO,USA
galion,,USA
grosse pointe,MI,USA
fort mitchell,KY,USA
caruaru,PE,BRA
frankfort,in,USA
tyngsboro,MA,USA
alcalá de henares,MD,SWZ
ulan bator,1,MNG
aubrey,TX,USA
venetia,PA,USA
qingdao,SD,SWZ
maringá,PR,BRA
chantilly,VA,USA
la paz,,BOL
autlan de navarro,MX,MEX
middle river,,USA
saco do correio,Bahia,BRA
houma,US,USA
guaianases,,BRA
araxa,,BRA
lake mary,FL,USA
cocal do sul,Santa Catarina,BRA
oak ridge,US,USA
thn,,IND
euclid,OH,USA
playa del carmen,23,MEX
claypool,IN,USA
la grange,IL,USA
chiyoda,12,JPN
northridge,US,USA
westchester,IL,USA
dobsonville,GT,ZAF
fujiyoshida,19,SWZ
aparecida de goiania,,BRA
matinhos,PR,BRA
york,PA,USA
pueblo,,USA
csomor,PE,SWZ
fargo,ND,USA
jewett city,CT,USA
angeles city,7,PHL
dekalb,IL,USA
mount juliet,TN,USA
absecon,NJ,USA
usk,WLS,GBR
zacatecas,MX,MEX
independence,,USA
coatetelco,MX,MEX
edgewood,KY,USA
cidade dutra,,BRA
quarai,,BRA
arbuzynka,48,SWZ
clyde,OH,SWZ
brumado,BA,BRA
portuguesa,P,VEN
casimiro de abreu,RJ,BRA
thomasville,NC,USA
college park,MD,USA
governador mangabeira,BA,BRA
wilson,US,USA
lagarto,se,BRA
richmond hill,GA,USA
adelia maria,,ARG
maceio,,BRA
deridder,LA,USA
khamis mushait,14,SAU
jiashan,ZJ,SWZ
woburn,MA,USA
kota bharu,3,MYS
temple,TX,USA
komoro,20,SWZ
ambler,PA,USA
camarajibe,,BRA
port elizabeth,EC,SWZ
east longmeadow,MA,USA
quezon city,0,PHL
ottery,WC,ZAF
torres,RS,BRA
hagerstown,US,USA
warrensburg,MO,SWZ
marlborough,MA,USA
queretaro,QUE,MEX
piraquara,,BRA
carmona,SE,ESP
merces,MG,BRA
cidade ocidental,,BRA
greensboro,US,USA
groton,CT,USA
centerville,TX,USA
al funaytis,KU,KWT
union grove,US,USA
incheon,28,SWZ
ankeny,ia,USA
bettendorf,IA,USA
ft stockton,,USA
colle umberto,34,SWZ
rio verde,GO,BRA
modesto,CA,USA
new bedford,ma,USA
saint petersburg,US,USA
elma,,USA
hallandale,FL,USA
burbank,CA,SWZ
armenia,37,COL
holte,84,SWZ
towson,MD,USA
bucaramanga,san,COL
duncanville,,USA
bulverde,tx,USA
makkah,2,SAU
antofagasta,AN,CHL
dibba al fujairah,,ARE
madinat `isa,,BHR
beltsville,MD,USA
san marcos,,USA
sonapur,,BGD
compton,,USA
coram,NY,USA
pompano beach,FL,USA
portel,PA,BRA
goianira,,BRA
aumsville,or,USA
taneytown,MD,USA
granbury,TX,USA
sao joao do paraiso,,BRA
bainbridge island,WA,USA
garland,TX,USA
tonawanda,NY,USA
hale,,USA
torresdale,US,USA
gresham,OR,SWZ
ssa,,BRA
severna park,MD,USA
mcallen,tx,USA
sao francisco de itabapoana,,BRA
geneva,,USA
palhoca,SC,BRA
manteno,IL,USA
eastland,TX,USA
bogota,DC,COL
mcdonough,,USA
franklin,nc,USA
southampton,PA,USA
oldsmar,US,USA
yba,,VNM
siliguri,,IND
santa clara,CA,USA
osorio,RS,BRA
krasnodar,KDA,RUS
crowley,LA,USA
gretna,NE,USA
orange,CA,USA
belmond,IA,USA
marica,RJ,BRA
myrtle beach,US,USA
envigado,,COL
cabanatuan city,,PHL
advance,NC,USA
saint marys,OH,USA
al wukayr,WA,QAT
charleston,wv,USA
cumberland,MD,USA
ruston,la,USA
joao lisboa,MA,BRA
manchester,NH,USA
trindade,GO,BRA
westland,MI,USA
phenix city,AL,USA
celina,oh,USA
west point,ms,USA
ewa beach,,USA
new albany,MS,USA
bucyrus,OH,USA
midlothian,IL,USA
muscle shoals,al,USA
aylesbury,ENG,SWZ
catu,,BRA
eatonton,GA,USA
vacaville,CA,USA
bryan,US,USA
abadan,6,IRN
plainville,CT,USA
cordoba,VER,MEX
comstock park,MI,USA
tiangua,CE,BRA
yeonsu-gu,28,SWZ
bela cruz,CE,BRA
hickory,nc,USA
gilroy,CA,USA
araraquara,,BRA
durango,10,MEX
santa rita do passa quatro,Sao Paulo,BRA
al matar al qadeem,,QAT
gary,IN,USA
rosenberg,TX,USA
san salvador,SS,SLV
vicksburg,MS,USA
venustiano carranza,CMX,MEX
kraaifontein,WC,ZAF
greensburg,PA,USA
george town,7,MYS
jonesborough,TN,SWZ
burlison,TN,SWZ
nairobi,30,KEN
gwynn oak,MD,USA
capao da canoa,RS,BRA
neenah,wi,USA
parsippany,US,USA
northbridge,MA,USA
yecuatla,,MEX
mount prospect,US,USA
brooksville,FL,USA
chum phae,40,THA
round lake,,USA
rolim de moura,RO,BRA
itapicuru,BA,BRA
medellin de bravo,,MEX
prospect,KY,USA
summit,NJ,USA
coyoacán,CMX,MEX
maceió,AL,BRA
grand forks,ND,USA
wenatchee,WA,USA
stratford,CT,USA
stillwater,MN,USA
al hufuf and al mubarraz,,SAU
lewiston,ME,USA
wesley chapel,FL,USA
petrolina,PE,BRA
redmond,,USA
pahrump,az,USA
jena,TH,SWZ
st john's,4,ATG
taylorsville,NC,USA
kin,,JAM
lake charles,LA,USA
south portland,ME,USA
nva,,COL
birigui,SP,BRA
lyttelton south,GT,ZAF
cajazeirinhas,PB,BRA
abilene,TX,USA
centurion,GP,ZAF
xiamen,FJ,SWZ
zurich,ZH,CHE
lahaina,HI,USA
kamloops,BC,CAN
itajaí,SC,BRA
sherwood,AR,USA
pasay,40,PHL
manistee,MI,USA
jau,SP,BRA
cao lanh,45,VNM
kingsport,,USA
sardoa,,BRA
mitchells plain,WC,ZAF
the colony,,USA
park city,UT,USA
lake wales,FL,USA
san pablo,CA,USA
new bethlehem,PA,USA
gera,TH,SWZ
sao sebastiao,SP,BRA
yahualica de gonzalez gallo,14,MEX
mableton,GA,USA
lucas do rio verde,,BRA
des moines,IA,USA
bloomington,IN,USA
cuenca,A,ECU
pawcatuck,CT,USA
piscataway,US,USA
lajeado,RS,BRA
muskego,WI,USA
conceicao de macabu,RJ,BRA
rio das ostras,,BRA
barueri,Sao Paulo,BRA
niš,20,SRB
linden,NJ,USA
pelham,NY,USA
lone tree,CO,USA
walnut creek,CA,USA
taiz,TA,YEM
aranyaprathet,TH,THA
kayes,1,MLI
greenacres,WA,USA
west covina,CA,USA
feira nova,,BRA
wallingford,CT,USA
king,NC,USA
irapuato,,MEX
tumiritinga,,BRA
head of westport,MA,USA
tegucigalpa,FM,HND
piracanjuba,GO,BRA
elmira,NY,USA
walterboro,SC,USA
managua,MN,NIC
agrestina,,BRA
alameda,CA,USA
oneida,IL,USA
port montt,LL,CHL
tres marias,,BRA
forney,TX,USA
jundiaí,SP,BRA
lavaca,TX,USA
miami lakes,FL,USA
jardim sao luis,,BRA
red boiling springs,US,USA
jacksonville beach,,USA
praia grande,SP,BRA
urupa,RO,BRA
oakmont,pa,USA
dover,,USA
magna,UT,USA
tinley park,IL,USA
bardstown,KY,USA
avondale,AZ,USA
ambala,10,IND
boiling springs,PA,USA
apucarana,PR,BRA
waverly,IA,USA
logansport,,USA
plainfield,IL,USA
agudo,,BRA
norcross,,USA
pascagoula,MS,USA
south bend,US,USA
bourbonnais,IL,USA
ellenwood,GA,USA
porto seguro,,BRA
brotas,,BRA
bela vista do paraiso,PR,BRA
indio,US,USA
latrobe,PA,USA
new gloucester,ME,USA
barbacena,Minas Gerais,BRA
itaituba,PA,BRA
callahan,FL,USA
bolton,ENG,SWZ
jamaica,NY,USA
chisinau,CU,SWZ
saint joseph,MI,USA
hilo,HI,SWZ
lencois paulista,Sao Paulo,BRA
waxahachie,TX,USA
uru,,BRA
fort collins,CO,USA
tuscaloosa,AL,USA
istanbul,34,SWZ
sylhet division,,ARE
nova prata,RS,BRA
mountain city,,USA
claypole,B,SWZ
attleboro,,USA
elkins,WV,USA
santiago de cali,VAC,COL
avenel,NJ,USA
santa cecilia,,BRA
santa barbara do leste,MG,BRA
sao lourenco,,BRA
santa ines,,BRA
eusebio,,BRA
las pinas,0,BHR
saltillo,MX,MEX
navarre,FL,USA
long branch,NJ,USA
rogers,MN,USA
gilbert,AZ,USA
seremban,5,SWZ
rentz,,USA
chapeco,,BRA
santos dumont,Minas Gerais,BRA
coeur d'alene,ID,USA
mount sinai,,USA
eugene,OR,USA
botucatu,SP,BRA
ft lauderdale,FL,USA
muritiba,,BRA
toluca,,MEX
germantown,MD,USA
torreon,MX,MEX
bucerias,MX,MEX
la plata,,ARG
elizabeth,US,USA
waukegan,IL,USA
wadsworth,,USA
dahlonega,GA,USA
cuikeng,GD,SWZ
uruguaiana,,BRA
denham springs,,USA
peru,il,USA
araras,SP,BRA
cornelia,GA,USA
al aziziya,,QAT
serrana,SP,BRA
cerro azul,PR,BRA
keithsburg,IL,USA
lageado,Rio Grande do Sul,BRA
kempton park,GP,ZAF
ecatepec de morelos,,MEX
capela nova,MG,BRA
muskegon,MI,USA
reims,GES,SWZ
el dorado,AR,USA
lake placid,FL,USA
garcia,NLE,MEX
clarksburg,WV,USA
pahoa,US,USA
al qawz,DU,ARE
missoula,MT,USA
carlton,VIC,SWZ
harrisonburg,VA,USA
guangzhou,GD,SWZ
aberdeen,MS,USA
marlton,NJ,USA
huntingtown,MD,USA
burien,WA,USA
cachoeira de minas,MG,BRA
shimla,,IND
dolores hidalgo,MX,MEX
jefferson,US,USA
itanhaem,,BRA
greenburgh,US,USA
poughkeepsie,NY,USA
longs,SC,USA
asuncion,ASU,PRY
porter,TX,USA
cheonan,44,SWZ
jalapa enriquez,MX,MEX
whittier,US,USA
batesville,US,USA
barrinha,SP,BRA
largo,FL,USA
aliquippa,PA,USA
axton,VA,USA
waterbury,CT,USA
carrasco bonito,,BRA
palmital,,BRA
la marque,TX,USA
eureka springs,AR,USA
suitland,MD,USA
port chester,NY,USA
yekaterinburg,,RUS
livermore,CA,USA
bilbao,PV,SWZ
chippewa falls,WI,USA
guaraciaba,MG,BRA
fort pierce,US,USA
buri,SP,BRA
campo novo do parecis,,BRA
nuragus,88,SWZ
campo limpo paulista,SP,BRA
west jordan,UT,USA
methuen,MA,USA
friendswood,TX,SWZ
cherry hill,NJ,USA
zagreb,21,SWZ
ft. pierce,FL,USA
bozeman,,USA
paso del rey,,ARG
nortelandia,,BRA
brampton,ON,CAN
hampton bays,NY,USA
algonquin,IL,USA
lubbock,,USA
viamão,RS,BRA
chapada gaucha,MG,BRA
calimaya,MEX,MEX
ciudad juárez,,MEX
extrema,MG,BRA
encino,CA,USA
poco verde,SE,BRA
brandenburg,US,USA
baytown,US,USA
barro alto,GO,BRA
rindge,NH,USA
taunton,MA,USA
havre de grace,,USA
winter garden,FL,USA
greenwood lake,ny,USA
darchula,P7,QAT
oak brook,US,USA
west chicago,il,USA
fairfield,OH,USA
qcj,,BRA
blountville,US,USA
oak grove,ky,USA
sete lagoas,MG,BRA
ponte nova,MG,BRA
islamabad,PK-IS,PAK
barra do choca,BA,BRA
creedmoor,NC,USA
navirai,MS,BRA
la puente,CA,USA
cataguases,MG,BRA
pune,16,IND
monroeville,PA,USA
al-mirfa’,AZ,ARE
hutchinson,MN,USA
marilia,Sao Paulo,BRA
singapore,,SGP
sao marcos,,BRA
emporia,,USA
herndon,VA,USA
presidente prudente,,BRA
chennai,25,IND
de pere,WI,USA
grand haven,MI,USA
arapongas,PR,BRA
joliet,IL,USA
taquari,,BRA
sao luis de montes belos,GO,BRA
cotia,,BRA
broussard,LA,USA
bellville,wc,ZAF
kaysville,UT,USA
saint-eustache,QC,SWZ
exeter,NH,USA
owings mills,US,USA
peshawar,,PAK
ville platte,LA,USA
erbil,AR,IRQ
tannersville,PA,USA
biloxi,US,USA
summerville,sc,USA
l'assomption,QC,SWZ
beaver dam,ky,USA
milagres,,BRA
dillsburg,PA,USA
patos,Paraiba,BRA
munford,TN,USA
college station,TX,USA
eunapolis,Bahia,BRA
sierra vista,AZ,USA
baturite,CE,BRA
morganton,NC,USA
teaneck,NJ,USA
elk river,MN,USA
hamden,CT,USA
abha,14,SAU
tailandia,PA,BRA
rogersville,AL,SWZ
pyeongtaek-si,41,SWZ
chesterland,OH,USA
missouri city,tx,USA
naucalpan,MEX,MEX
ibicarai,BA,BRA
snovitsy,VLA,SWZ
north las vegas,NV,USA
ft jennings,,USA
shiraz,,IRN
auckland,AUK,SWZ
borgarnes,3,SWZ
chita,93,RUS
barreiras,BA,BRA
royersford,PA,USA
marcolandia,,BRA
mauriti,,BRA
port royal,PA,USA
baq`a' ash sharqiyah,6,SAU
görele,28,SWZ
bohorodchany,26,UKR
granville ferry,NS,SWZ
český krumlov,,CZE
scottsbluff,NE,USA
fujiidera-shi,27,SWZ
quixada,,BRA
são bernardo do campo,,BRA
gloucester,va,USA
itapemirim,ES,BRA
cradock,EC,ZAF
winter springs,US,USA
newburyport,MA,USA
north grosvenor dale,CT,USA
qatif,,SAU
bucheon-si,41,SWZ
goodview,VA,USA
midvale,UT,USA
northville,NY,SWZ
chandigarh,,IND
prescott,MI,USA
samara,SAM,RUS
foristell,MO,SWZ
maltrata,30,MEX
planeta rica,COR,COL
terre haute,IN,USA
duluth,GA,USA
sterling,IL,USA
north chicago,IL,USA
moore,mt,USA
fishkill,NY,USA
guayaquil,G,ECU
cuyahoga falls,OH,USA
sikeston,,USA
doebeln,SN,SWZ
pal,,IDN
ankara,6,SWZ
oak harbor,WA,USA
alfred,NY,USA
villas,nj,USA
pompeu,,BRA
agadir,9,USA
henrico,VA,USA
porto belo,,BRA
juiz de fora,Minas Gerais,BRA
maricopa,AZ,USA
hermosillo,SON,MEX
wake forest,US,USA
balines,NOR,SWZ
rocky point,NC,USA
lehighton,PA,USA
morristown,TN,USA
odenville,AL,USA
japeri,RJ,BRA
porterville,CA,USA
commack,ny,USA
excelsior springs,MO,USA
gaffney,SC,USA
ormond beach,FL,USA
ashton,ID,USA
magnolia,TX,USA
sertania,PE,BRA
house springs,MO,USA
suzano,,BRA
halifax,NS,CAN
clermont,FL,USA
brockport,US,USA
caledonia,mi,USA
ubatuba,SP,BRA
anna,TX,USA
federal way,,USA
ueda,20,SWZ
goodwood,WC,ZAF
niterói,RJ,BRA
cheswick,pa,USA
diadema,,BRA
wise,VA,USA
windham,NH,USA
zacatecas city,32,MEX
mount pleasant,IA,USA
clemmons,,USA
st petersburg,,USA
montagu,WC,ZAF
gallneukirchen,4,SWZ
ravenna,OH,USA
santa maria chimalhuacan,MEX,MEX
ibatiba,ES,BRA
laurelton,NJ,USA
thuwal,2,SAU
poa,SP,BRA
asheboro,NC,USA
lee's summit,MO,USA
michigan city,in,USA
magelang,33,IDN
abidjan,AB,CIV
jequitinhonha,Minas Gerais,BRA
cambridge,US,USA
dom pedrito,RS,BRA
la crosse,IN,USA
piura,PIU,PER
new iberia,LA,USA
palm bay,fl,USA
guadalajara de buga,VAC,SWZ
sandy,UT,USA
kyiv,30,SWZ
teixeira de freitas,BA,BRA
rotterdam,ZH,BHR
kihei,HI,USA
tucano,Bahia,BRA
trabzon,61,SWZ
huntley,,USA
santa maria da boa vista,PE,BRA
lufkin,TX,USA
anyang-si,41,SWZ
woodland,ME,USA
tlahuac,MX,MEX
minatomirai,14,SWZ
petropolis,RJ,BRA
al satwa,DU,ARE
sao jose dos pinhais,PR,BRA
volgograd,VGG,SWZ
wareham,MA,USA
oshkosh,WI,USA
ringwood east,VIC,AUS
hebron,IN,USA
nova olinda,Ceara,BRA
faxinal,PR,BRA
ras al khaimah,RK,ARE
salto,,BRA
bowie,MD,USA
mission hills,US,USA
san angelo,TX,USA
champaign,IL,USA
cordova,,USA
coqueiral,MG,BRA
hopewell,US,USA
voorheesville,NY,USA
central point,OR,USA
ribeirao do pinhal,PR,BRA
tangail,C,QAT
bryansk,BRY,SWZ
riverview,FL,USA
corinto,,BRA
boa vista,Minas Gerais,BRA
manila,0,PHL
clarks summit,PA,USA
podolsk,MOS,SWZ
edgewater,MD,USA
vaughan,ON,SWZ
santa cruz do sul,,BRA
plymouth,NC,USA
pouso alegre,MG,BRA
gouvelandia,GO,BRA
campo do brito,SE,BRA
springhill,LA,USA
niva,84,DNK
fazenda rio grande,PR,BRA
winston-salem,NC,USA